id,target
c0f722661,-0.6872563049154624
f0953f0a5,0.21789881533887917
0df072751,-0.39487509838034573
04caf4e0c,-1.8904455257313393
0e63f8bea,-2.2612965660402615
12537fe78,-0.4623346035547957
965e592c0,0.028363274826089274
