action,ticket,index,close,p_profit,take_profit,stop_loss,risk_reward_ratio,result
SELL,PARA,5,17.424999237060547,0.022616129755070328,17.030913193333184,17.584529750771015,2.4702863080011728,-0.009155266610925809
SELL,CPRT,234,57.880001068115234,0.01384262918811222,57.078789675921776,57.21067160883811,-1.1970359007636822,0.01384262918811222
