action,ticket,index,close,p_profit,take_profit,stop_loss,risk_reward_ratio,result
SELL,FCX,4,34.404998779296875,0.005097004399378989,34.22963634915817,34.518661830102786,1.5428270567728306,0.005097004399378989
SELL,FCX,78,34.810001373291016,0.007967108753489386,34.53266630664089,34.932976576712974,2.2552112859575315,-0.0035327549144055755
SELL,FCX,82,34.90999984741211,0.009900292109472592,34.564380651381086,35.13776643650222,1.5174271055808348,0.009900292109472592
