action,ticket,index,model_confidence,result
BUY,CZR,0,0.6368682018945567,0.0075
BUY,CZR,3,0.5163291902687307,0.0075
BUY,CZR,6,0.6034737868778455,-0.0062634506531315725
BUY,NCLH,76,0.5629904767401522,0.0075
BUY,RCL,79,0.6088435194235247,-0.006418686642889893
BUY,RCL,82,0.534304045702501,0.0075
BUY,RCL,85,0.7594103910323909,0.004884325768336777
BUY,NCLH,156,0.6680853824170091,0.0075
BUY,NCLH,159,0.7363621784490435,-0.0005783822066114062
