action,ticket,index,close,p_profit,take_profit,stop_loss,risk_reward_ratio,result
SELL,FTNT,10,49.869998931884766,0.008490150193543678,49.4465951508012,50.080459685817964,2.0117944708016986,0.0056875
SELL,CPRT,61,56.33000183105469,0.005772261955842154,56.00485030451277,56.49807718485687,1.9345580371326143,0.0056875
SELL,CPRT,73,56.939998626708984,0.007461864385021077,56.515120078873196,57.16893448370802,1.8558846718256814,-0.00325
SELL,FTNT,77,50.599998474121094,0.0110739968628518,50.03965424975837,50.83700380196767,2.364268472164733,-0.00325
SELL,FTNT,154,49.94499969482422,0.007196714247240656,49.58555980394205,50.13903735117629,1.8524233782229544,0.0056875
SELL,CPRT,157,59.23500061035156,0.05654719168919344,55.88542767612852,59.25738657685822,149.62824737664968,0.0056875
SELL,NFLX,161,267.30999755859375,0.00575788247352704,265.77085800865257,268.0686653713876,2.0287397514244603,0.0056875
SELL,NFLX,169,265.0050048828125,0.005856812122565923,263.4529203576742,265.84061843464445,1.8574190446476009,0.0056875
